{
  "model": "BAAI/bge-small-en-v1.5",
  "dim": 384,
  "n_candidates": 100000,
  "n_facets": 10,
  "seed": 1729,
  "max_seq": 256,
  "built_at": "2026-06-06T18:56:26",
  "elapsed_sec": 4148.6,
  "emb_dtype": "float16",
  "semantic_p5": 0.5745536088943481,
  "semantic_p95": 0.6435830593109131
}